åJè„ïsâ¬(Å~Åj,ïiñ⁄ÉRÅ[Éh,ïiñº,ì¸ñ⁄,ó\íËêîó (ás),î[ä˙,É`ÉPÉbÉgÇmÇn
,25352421000,∫-√≤›∏ﬁÃ±¬ƒ,10,5000,20230303,K-202302-1150
,25318921850,Ã€≤√ﬁP-BF(M),15,5000,20230303,K-202301-1160
,25283621850,EZœ-∂ﬁÿ›(M),10,5000,20230304,K-202301-1262
,25283621850,EZœ-∂ﬁÿ›(M),10,5000,20230304,K-202301-1263
,25283621850,EZœ-∂ﬁÿ›(M),10,5000,20230304,K-202301-1264
,25283621850,EZœ-∂ﬁÿ›(M),10,5000,20230304,K-202301-1265
,25308821830,F-ADM-SP(S),10,5000,20230304,K-202301-1140
,25308821830,F-ADM-SP(S),10,5000,20230304,K-202301-1142
,25153221830,±€œ∞√ﬁÃŸ∞Ÿ(S),10,4000,20230304,K-202302-0251
,25803401830,MB-µÿ›Àﬂ±º-ƒL (CNT)S,497.25,3900,20230304,K-202302-0786
,25803401830,MB-µÿ›Àﬂ±º-ƒL (CNT)S,497.25,4000,20230304,K-202302-0787
,25154622000,»Ã¥¬∏Ω,10,10000,20230306,K-202302-0405
,25285921830,¥Ω¿Ãﬁ⁄(S),15,5000,20230306,K-202302-0546
,25285921830,¥Ω¿Ãﬁ⁄(S),15,5000,20230306,K-202302-0547
,25263121810,ROY-DX(SS),15,5000,20230306,K-202302-0249
,25314921810,√ﬁ≤±øÃƒ-II(SS),10,6000,20230306,K-202302-0436
,25315921000,∏⁄œ¡Ω,10,4500,20230306,K-202302-0984
,25323021000,YQœ-∂ﬁÿ›,15,4500,20230306,K-202302-0446
,25318621030,ÿΩ ﬂ-Ÿ-SP(3),12,5200,20230306,K-202302-0168
,25318621030,ÿΩ ﬂ-Ÿ-SP(3),12,5200,20230306,K-202302-0169
,25318621030,ÿΩ ﬂ-Ÿ-SP(3),12,5200,20230306,K-202302-0170
,25318621030,ÿΩ ﬂ-Ÿ-SP(3),12,5200,20230306,K-202302-0171
,25318621030,ÿΩ ﬂ-Ÿ-SP(3),12,5200,20230306,K-202302-0167
,25287921850,µÿ›Àﬂ±MEº-ƒ 1.4K(M),14,4800,20230306,K-202301-1440
,25176921810,Pº-ƒDB-R 650 (SS),10.4,4800,20230306,K-202302-0592
,25175621850,±€œ-√ﬁœ≤Ÿƒﬁº-ƒ(M),15,4800,20230306,K-202302-1019
,25220721830,MFP(S),15,4500,20230307,K-202302-0516
,25220721830,MFP(S),15,4500,20230307,K-202302-0517
,25287121850,ÿΩœ-∂ﬁÿ›DP(M),15,4500,20230307,K-202302-0548
,25287121850,ÿΩœ-∂ﬁÿ›DP(M),15,4500,20230307,K-202302-0549
,25109721830, ≤øÃƒQ-Y(S),15,6000,20230307,K-202302-0399
,25113621830,FPV(S),15,2500,20230308,K-202302-0807
,25249821830,R-FP(S),15,4500,20230308,K-202302-0523
,25324221850,∏ÿ-–-øÃƒY(M),10,4500,20230308,K-202302-0447
,25265021830,WMœ-∂ﬁÿ›(S),15,4500,20230309,K-202302-0985
,25125622030,œŸ∆º€AT-2-TL(32),20,2500,20230309,K-202303-0015
,25117021030,∫ﬁ-Ÿƒﬁ¿∏ƒTMB (3),10,4500,20230309,K-202302-0491
,25321421830,SH∏ÿ-—Õﬁ-ΩW(S),10,5000,20230309,K-202302-0486
,25265021830,WMœ-∂ﬁÿ›(S),15,4500,20230310,K-202302-1151
,25265021830,WMœ-∂ﬁÿ›(S),15,4500,20230310,K-202302-1152
,25308821830,F-ADM-SP(S),10,5000,20230310,K-202302-0419
,25308821830,F-ADM-SP(S),10,5000,20230310,K-202302-0420
,25460721870,LW–Ÿ∏∏ÿ-—Õﬁ-ΩYZ(H),10,5000,20230310,K-202302-0488
,25308821830,F-ADM-SP(S),10,5000,20230310,K-202302-0417
,25308821830,F-ADM-SP(S),10,5000,20230310,K-202302-0418
,25308821830,F-ADM-SP(S),10,5000,20230310,K-202302-0416
,25109621830,±€œ-√ﬁøÃƒ(S),10,5000,20230311,K-202302-0490
,25315921000,∏⁄œ¡Ω,10,4500,20230311,K-202302-1240
,25113522040,€ÿ±›CSK (4),15,5000,20230311,K-202302-1063
,25922221000,CLUBHARIE,8,6000,20230311,K-202302-0472
,25352321000,∏⁄œ¡ΩCP,10,4500,20230311,K-202302-1157
,25326621830,◊›√ﬁ≤CPœ-∂ﬁÿ›-F(S),10,4000,20230311,K-202302-0454
,25326621830,◊›√ﬁ≤CPœ-∂ﬁÿ›-F(S),10,4000,20230311,K-202302-0455
,25326621830,◊›√ﬁ≤CPœ-∂ﬁÿ›-F(S),10,4000,20230311,K-202302-0456
,25326621830,◊›√ﬁ≤CPœ-∂ﬁÿ›-F(S),10,4000,20230311,K-202302-0457
,25398622000,Àﬂ±¡¥,10,5000,20230311,K-202302-0469
,25105321830,œŸº¥BL7(S),15,4500,20230311,K-202302-0489
,25313823830,EZœ-∂ﬁÿ›-MC(S),15,4500,20230311,K-202302-0326
,25142321000,Ãﬂ⁄–±—œ-∂ﬁÿ›PV,15,4500,20230311,K-202302-0505
,25177822830,∂⁄›√≤º-ƒ(S),15,4800,20230311,K-202302-0598
,25177422830,±€œ-√ﬁΩ◊≤Ω(S),10,4800,20230311,K-202302-0596
,25293323030,∆’-YCS Ωƒ⁄¬¡750K(3),12.5,4500,20230313,K-202302-0560
,25293323030,∆’-YCS Ωƒ⁄¬¡750K(3),12.5,4500,20230313,K-202302-0559
,25265021830,WMœ-∂ﬁÿ›(S),15,4500,20230313,K-202302-0986
,25299421040,Œﬂ‹€BA*(4),10,4800,20230313,K-202302-0573
,25136221030,SFœ-∂ﬁÿ› (3),15,4500,20230313,K-202302-0503
,25293221830,YBœ-∂ﬁÿ›-SP(S),15,5000,20230313,K-202302-0554
,25293221830,YBœ-∂ﬁÿ›-SP(S),15,5000,20230313,K-202302-0555
,25325721000,CNCœ-∂ﬁÿ›,15,6000,20230313,K-202302-0453
,25325721000,CNCœ-∂ﬁÿ›,15,6000,20230313,K-202302-1160
,25319821810,BPœ-∂ﬁÿ›A-3(SS),15,5000,20230313,K-202302-0443
,25319821810,BPœ-∂ﬁÿ›A-3(SS),15,5000,20230313,K-202302-0442
,25921551000,ºﬁ¥…‹-Ωﬁ LT (ƒﬁ◊—),180,12000,20230313,K-202302-1181
,25294621830,MNœ-∂ﬁÿ›(S),10,4500,20230313,K-202302-0571
,25325521850,»µ∏ÿ-–-Œ≤¬Ãﬂ-LN(M),10,5000,20230313,K-202302-0449
,25318921850,Ã€≤√ﬁP-BF(M),15,5000,20230313,K-202302-0438
,25300721000,»µº≠∞M-A*,10,4800,20230313,K-202302-0575
,25352421000,∫-√≤›∏ﬁÃ±¬ƒ,10,5000,20230313,K-202303-0063
,25258921830,±€œ-√ﬁHTR-J(S),15,5000,20230313,K-202302-0527
,25129621830,±€œ∫ﬁ-Ÿƒﬁ(S),15,5000,20230313,K-202302-0498
,25129621830,±€œ∫ﬁ-Ÿƒﬁ(S),15,5000,20230313,K-202302-0499
,25154521850,øº¥Ÿ10K(M),10,5000,20230313,K-202302-0507
,25154521850,øº¥Ÿ10K(M),10,5000,20230313,K-202302-0508
,25154521850,øº¥Ÿ10K(M),10,5000,20230313,K-202302-0509
,25800221850,MB-øº¥Ÿ10K(M),10,5000,20230313,K-202302-0581
,25460721870,LW–Ÿ∏∏ÿ-—Õﬁ-ΩYZ(H),10,5000,20230313,K-202303-0642
,25219823810,µÿ›Àﬂ±2000SNA1X15 SS,15,4800,20230313,K-202302-0605
,25184323850,µÿ›Àﬂ±ANº-ƒ1.7K(M),13.6,4300,20230313,K-202302-0600
,25184323850,µÿ›Àﬂ±ANº-ƒ1.7K(M),13.6,4300,20230313,K-202302-0601
,25175621830,±€œ-√ﬁœ≤Ÿƒﬁº-ƒ(S),15,4400,20230313,K-202302-0821
,25322921850,KCº-ƒ(500g)(M),8,4800,20230313,K-202302-0610
,25177621830,∂⁄›√≤º-ƒ(Ω≤-ƒ)EF(S),15,4800,20230313,K-202302-0597
,25184323850,µÿ›Àﬂ±ANº-ƒ1.7K(M),13.6,4300,20230313,K-202302-0602
,25177421830,±€œ-√ﬁº-ƒ(S),15,4800,20230313,K-202302-1207
,25175621850,±€œ-√ﬁœ≤Ÿƒﬁº-ƒ(M),15,4800,20230313,K-202302-0587
,25294421850,CTœ≤Ÿƒﬁº-ƒ(M),15,4800,20230313,K-202302-0607
,25175621850,±€œ-√ﬁœ≤Ÿƒﬁº-ƒ(M),15,4800,20230313,K-202302-0586
,25176921810,Pº-ƒDB-R 650 (SS),10.4,4800,20230313,K-202303-0051
,25318321000,µÿ›Àﬂ±CLº-ƒ20,15,4050,20230313,K-202302-0609
,25184323850,µÿ›Àﬂ±ANº-ƒ1.7K(M),13.6,4300,20230313,K-202302-1214
,25184323850,µÿ›Àﬂ±ANº-ƒ1.7K(M),13.6,4300,20230313,K-202302-1213
,25308221830,Ãﬂ◊ΩﬁœNFC(S),15,6000,20230314,K-202302-0415
,25154121000,Ãﬂ◊ΩﬁœDX,15,6000,20230314,K-202302-0404
,25154121000,Ãﬂ◊ΩﬁœDX,15,6000,20230314,K-202302-0403
,25127221850,Ãﬂ⁄–±—Ω¿-DX(M),15,6000,20230314,K-202302-0400
,25310821810,ªŸÀﬁ±∫ﬁ-ŸƒﬁMF10.5KSS,10.5,4500,20230314,K-202302-0430
,25310821810,ªŸÀﬁ±∫ﬁ-ŸƒﬁMF10.5KSS,10.5,4500,20230314,K-202302-0429
,25313021830,µÿÀﬁ±(S),10,4500,20230314,K-202302-0435
,25318521040,∫¬Õﬂÿ±(–Ÿ∏)(4),10,5000,20230314,K-202302-0473
,25301621000,ÿΩª∏ª∏œ-∂ﬁÿ›V,15,4500,20230314,K-202302-0409
,25301621000,ÿΩª∏ª∏œ-∂ﬁÿ›V,15,4500,20230314,K-202302-0408
,25301621000,ÿΩª∏ª∏œ-∂ﬁÿ›V,15,4500,20230314,K-202302-0407
,25301621000,ÿΩª∏ª∏œ-∂ﬁÿ›V,15,4500,20230314,K-202302-0406
,25352421000,∫-√≤›∏ﬁÃ±¬ƒ,10,5000,20230314,K-202303-0662
,25119123850,Ã€≤√ﬁÃﬂ⁄–±—N,10,5000,20230315,K-202302-0492
,25249821830,R-FP(S),15,4500,20230315,K-202302-0524
,25279522830,F-ADM(S),10,5000,20230315,K-202302-0539
,25279522830,F-ADM(S),10,5000,20230315,K-202302-0538
,25318621030,ÿΩ ﬂ-Ÿ-SP(3),12,5200,20230315,K-202302-0478
,25318621030,ÿΩ ﬂ-Ÿ-SP(3),12,5200,20230315,K-202302-0477
,25318621030,ÿΩ ﬂ-Ÿ-SP(3),12,5200,20230315,K-202302-0476
,25318621030,ÿΩ ﬂ-Ÿ-SP(3),12,5200,20230315,K-202302-0475
,25318621030,ÿΩ ﬂ-Ÿ-SP(3),12,5200,20230315,K-202302-0474
,25451921040, ≤œ-¡(–Ÿ∏) DF(4),7,5000,20230315,K-202302-0634
,25326621830,◊›√ﬁ≤CPœ-∂ﬁÿ›-F(S),10,4000,20230315,K-202302-0459
,25326621830,◊›√ﬁ≤CPœ-∂ﬁÿ›-F(S),10,4000,20230315,K-202302-0460
,25326621830,◊›√ﬁ≤CPœ-∂ﬁÿ›-F(S),10,4000,20230315,K-202302-0461
,25326621830,◊›√ﬁ≤CPœ-∂ﬁÿ›-F(S),10,4000,20230315,K-202302-0462
,25326621830,◊›√ﬁ≤CPœ-∂ﬁÿ›-F(S),10,4000,20230315,K-202302-0463
,25314921810,√ﬁ≤±øÃƒ-II(SS),10,6000,20230316,K-202302-0437
,25283521830,ºﬁ¥»Ÿ-(S),10,4500,20230316,K-202303-0008
,25303421810,FH-A6(7K)(SS),7,840,20230316,K-202303-0629
,25303423810,FH-A6(8.5K)(SS),8.5,1020,20230316,K-202303-0631
,25303422810,FH-A6(7.5K)(SS),7.5,2671,20230316,K-202303-0630
,25325521850,»µ∏ÿ-–-Œ≤¬Ãﬂ-LN(M),10,5000,20230318,K-202302-0450
,25310921810,√ﬁ≤±øÃƒPC-EF(SS),10,6000,20230318,K-202302-0433
,25310921810,√ﬁ≤±øÃƒPC-EF(SS),10,6000,20230318,K-202302-0434
,25325621850,BRœ-∂ﬁÿ›(M),10,5000,20230318,K-202302-0452
,25324221850,∏ÿ-–-øÃƒY(M),10,4500,20230318,K-202302-0448
,25315921000,∏⁄œ¡Ω,10,4500,20230318,K-202302-1241
,25352421000,∫-√≤›∏ﬁÃ±¬ƒ,10,5000,20230318,K-202303-0764
,25308821830,F-ADM-SP(S),10,5000,20230318,K-202302-0424
,25308821830,F-ADM-SP(S),10,5000,20230318,K-202302-0423
,25308821830,F-ADM-SP(S),10,5000,20230318,K-202302-0421
,25308821830,F-ADM-SP(S),10,5000,20230318,K-202302-0425
,25326621830,◊›√ﬁ≤CPœ-∂ﬁÿ›-F(S),10,4000,20230318,K-202302-0467
,25326621830,◊›√ﬁ≤CPœ-∂ﬁÿ›-F(S),10,4000,20230318,K-202302-0466
,25326621830,◊›√ﬁ≤CPœ-∂ﬁÿ›-F(S),10,4000,20230318,K-202302-0465
,25326621830,◊›√ﬁ≤CPœ-∂ﬁÿ›-F(S),10,4000,20230318,K-202302-0464
,25308821830,F-ADM-SP(S),10,5000,20230318,K-202302-0422
,25391921000,∏⁄œ¡ΩEF,10,4500,20230318,K-202303-0147
,25318921850,Ã€≤√ﬁP-BF(M),15,5000,20230318,K-202302-0439
,25319821810,BPœ-∂ﬁÿ›A-3(SS),15,5000,20230318,K-202302-0444
,25214421850,“ƒﬁ⁄¬ƒJ-1(M),10,4500,20230318,K-202302-0515
,25212621830,Ã€≤√ﬁ(–Ÿ∏Ã≥–)(S),15,4500,20230318,K-202302-0514
,25308121830,µÿ›Àﬂ±YUº-ƒ(1.4K)S,14,4800,20230318,K-202302-0608
,25220721830,MFP(S),15,4500,20230318,K-202302-0519
,25220721830,MFP(S),15,4500,20230318,K-202302-0518
,25293323030,∆’-YCS Ωƒ⁄¬¡750K(3),12.5,4500,20230320,K-202302-0562
,25293323030,∆’-YCS Ωƒ⁄¬¡750K(3),12.5,4500,20230320,K-202302-0561
,25105721830,ND10(S),10,5000,20230320,K-202302-0398
,25293326030,∆’-YCS Ωƒ⁄¬¡720K(3),12,5000,20230320,K-202302-1184
,25293326030,∆’-YCS Ωƒ⁄¬¡720K(3),12,4900,20230320,K-202302-1185
,25127222850,Ãﬂ⁄–±—Ω¿-DX(12.5K)M,12.5,6000,20230320,K-202302-1056
,25137522830,€-⁄Ÿ Ω¿- (S),15,6000,20230320,K-202302-0401
,25137522830,€-⁄Ÿ Ω¿- (S),15,6000,20230320,K-202302-0402
,25269721000,EXPœ-∂ﬁÿ›,20,4500,20230320,K-202302-0537
,25269721000,EXPœ-∂ﬁÿ›,20,4500,20230320,K-202302-0536
,25269721000,EXPœ-∂ﬁÿ›,20,4500,20230320,K-202302-0535
,25269721000,EXPœ-∂ﬁÿ›,20,4500,20230320,K-202302-0534
,25290021850,ÿΩøÃƒ Œ≤¬Ãﬂ(M),10,5000,20230320,K-202302-0550
,25231021850,Ã€≤√ﬁPV(’≥¥›)(M),15,4500,20230320,K-202302-0520
,25319821810,BPœ-∂ﬁÿ›A-3(SS),15,5000,20230320,K-202303-0946
,25124521060,ºﬁ‘»¬ƒ (6),10,4500,20230320,K-202302-0493
,25258721830,Œﬂ‹€∫ﬁ-Ÿƒﬁ(S),15,4500,20230320,K-202302-0526
,25249821830,R-FP(S),15,4500,20230320,K-202302-0525
,25293221830,YBœ-∂ﬁÿ›-SP(S),15,5000,20230320,K-202302-0557
,25325521850,»µ∏ÿ-–-Œ≤¬Ãﬂ-LN(M),10,5000,20230320,K-202302-0451
,25308821830,F-ADM-SP(S),10,5000,20230320,K-202302-0427
,25308821830,F-ADM-SP(S),10,5000,20230320,K-202302-0428
,25308821830,F-ADM-SP(S),10,5000,20230320,K-202302-0426
,25291921830,KCœ-∂ﬁÿ›-áU(S),10,5000,20230320,K-202302-0551
,25137221830,RG œ-∂ﬁÿ› (S),15,4500,20230320,K-202302-0504
,25300721000,»µº≠∞M-A*,10,4800,20230320,K-202302-0580
,25130722000,±€œ∞√ﬁ ﬂÃ9K,9,4000,20230320,K-202302-0502
,25803621830,MB-±€œ∫ﬁ-ŸƒﬁCS(S),15,5000,20230320,K-202302-0470
,25318621030,ÿΩ ﬂ-Ÿ-SP(3),12,5200,20230320,K-202302-0485
,25318621030,ÿΩ ﬂ-Ÿ-SP(3),12,5200,20230320,K-202302-0484
,25300721000,»µº≠∞M-A*,10,4800,20230320,K-202302-0578
,25300721000,»µº≠∞M-A*,10,4800,20230320,K-202302-0579
,25318621030,ÿΩ ﬂ-Ÿ-SP(3),12,5200,20230320,K-202302-0483
,25318621030,ÿΩ ﬂ-Ÿ-SP(3),12,5200,20230320,K-202302-0479
,25326621850,◊›√ﬁ≤CPœ-∂ﬁÿ›-F(M),10,4000,20230320,K-202303-0145
,25293221830,YBœ-∂ﬁÿ›-SP(S),15,5000,20230320,K-202302-0558
,25293221830,YBœ-∂ﬁÿ›-SP(S),15,5000,20230320,K-202302-0556
,25318921850,Ã€≤√ﬁP-BF(M),15,5000,20230320,K-202302-0441
,25318921850,Ã€≤√ﬁP-BF(M),15,5000,20230320,K-202302-0440
,25154521850,øº¥Ÿ10K(M),10,5000,20230320,K-202302-0511
,25154521850,øº¥Ÿ10K(M),10,5000,20230320,K-202302-0513
,25154521850,øº¥Ÿ10K(M),10,5000,20230320,K-202302-0510
,25154521850,øº¥Ÿ10K(M),10,5000,20230320,K-202302-0512
,25800221850,MB-øº¥Ÿ10K(M),10,5000,20230320,K-202302-0582
,25129621830,±€œ∫ﬁ-Ÿƒﬁ(S),15,5000,20230320,K-202302-0501
,25129621830,±€œ∫ﬁ-Ÿƒﬁ(S),15,5000,20230320,K-202302-0500
,25129621830,±€œ∫ﬁ-Ÿƒﬁ(S),15,5000,20230320,K-202303-0905
,25298021830,SOZA-YΩÕﬂº‘Ÿ(S),15,5000,20230320,K-202302-0532
,25298021830,SOZA-YΩÕﬂº‘Ÿ(S),15,4500,20230320,K-202302-0529
,25298021830,SOZA-YΩÕﬂº‘Ÿ(S),15,4500,20230320,K-202302-0531
,25298021830,SOZA-YΩÕﬂº‘Ÿ(S),15,4500,20230320,K-202302-0530
,25262521830,SOZA-YDX(S),15,5000,20230320,K-202303-0106
,25262521830,SOZA-YDX(S),15,4500,20230320,K-202302-0528
,25317121000,œ-Õﬁ◊ΩSL,10,3500,20230320,K-202303-0045
,25318621030,ÿΩ ﬂ-Ÿ-SP(3),12,5200,20230320,K-202302-0482
,25318621030,ÿΩ ﬂ-Ÿ-SP(3),12,5200,20230320,K-202303-0640
,25318621030,ÿΩ ﬂ-Ÿ-SP(3),12,5200,20230320,K-202303-0641
,25321421830,SH∏ÿ-—Õﬁ-ΩW(S),10,5000,20230320,K-202302-0487
,25219823810,µÿ›Àﬂ±2000SNA1X15 SS,15,4800,20230320,K-202302-0606
,25287921850,µÿ›Àﬂ±MEº-ƒ 1.4K(M),14,4800,20230320,K-202302-1225
,25800521830,MB-µÿ›Àﬂ±CRº-ƒ-SP(S),15,4800,20230320,K-202302-1235
,25175621830,±€œ-√ﬁœ≤Ÿƒﬁº-ƒ(S),15,4400,20230320,K-202302-0822
,25175621850,±€œ-√ﬁœ≤Ÿƒﬁº-ƒ(M),15,4800,20230320,K-202302-0589
,25175621850,±€œ-√ﬁœ≤Ÿƒﬁº-ƒ(M),15,4800,20230320,K-202302-0590
,25175621850,±€œ-√ﬁœ≤Ÿƒﬁº-ƒ(M),15,4800,20230320,K-202302-0591
,25176921810,Pº-ƒDB-R 650 (SS),10.4,4800,20230320,K-202302-0595
,25180122850,±€œ-√ﬁœ≤ŸƒﬁΩ◊≤ΩDG,10,4000,20230320,K-202302-0599
,25124621030,€ÿ±›-TL(3),10,4500,20230320,K-202302-0497
,25124621030,€ÿ±›-TL(3),10,4500,20230320,K-202302-0496
,25175621850,±€œ-√ﬁœ≤Ÿƒﬁº-ƒ(M),15,4800,20230320,K-202302-0588
,25803401830,MB-µÿ›Àﬂ±º-ƒL (CNT)S,497.25,2800,20230320,K-202303-0645
,25803401830,MB-µÿ›Àﬂ±º-ƒL (CNT)S,497.25,3500,20230320,K-202303-0646
,25176921810,Pº-ƒDB-R 650 (SS),10.4,4800,20230320,K-202302-0594
,25142321000,Ãﬂ⁄–±—œ-∂ﬁÿ›PV,15,4500,20230321,K-202302-1159
,25299421050,Œﬂ‹€BA*(5),10,4800,20230321,K-202303-0690
,25299421050,Œﬂ‹€BA*(5),10,4800,20230321,K-202303-0691
,25265021830,WMœ-∂ﬁÿ›(S),15,4500,20230322,K-202302-1156
,25265021830,WMœ-∂ﬁÿ›(S),15,4500,20230322,K-202302-1155
,25265021830,WMœ-∂ﬁÿ›(S),15,4500,20230322,K-202302-1153
,25265021830,WMœ-∂ﬁÿ›(S),15,4500,20230322,K-202302-1154
,25297921850,EZœ-∂ﬁÿ›Œ‹≤ƒ(M),10,5000,20230322,K-202303-0317
,25125622030,œŸ∆º€AT-2-TL(32),20,2500,20230323,K-202303-0909
,25130621830,ºŸÀﬁ±FM-TL(S),10,4500,20230323,K-202303-0265
,25308321830,EXœ-∂ﬁÿ›SK(S),12,4000,20230324,K-202303-0647
,25293221830,YBœ-∂ﬁÿ›-SP(S),15,5000,20230325,K-202303-0304
,25352521000,YMAœ-∂ﬁÿ›-3,15,6000,20230325,K-202303-0231
,25293221830,YBœ-∂ﬁÿ›-SP(S),15,5000,20230325,K-202303-0303
,25310921810,√ﬁ≤±øÃƒPC-EF(SS),10,6000,20230325,K-202303-0186
,25310921810,√ﬁ≤±øÃƒPC-EF(SS),10,6000,20230325,K-202303-0185
,25154121000,Ãﬂ◊ΩﬁœDX,15,6000,20230325,K-202303-0156
,25154121000,Ãﬂ◊ΩﬁœDX,15,6000,20230325,K-202303-0155
,25154121000,Ãﬂ◊ΩﬁœDX,15,6000,20230325,K-202303-0154
,25324221850,∏ÿ-–-øÃƒY(M),10,4500,20230325,K-202303-0204
,25283621850,EZœ-∂ﬁÿ›(M),10,5000,20230325,K-202302-1244
,25283621850,EZœ-∂ﬁÿ›(M),10,5000,20230325,K-202302-1245
,25283621850,EZœ-∂ﬁÿ›(M),10,5000,20230325,K-202302-1246
,25283621850,EZœ-∂ﬁÿ›(M),10,5000,20230325,K-202302-1247
,25318521040,∫¬Õﬂÿ±(–Ÿ∏)(4),10,5000,20230325,K-202303-0237
,25308821830,F-ADM-SP(S),10,5000,20230325,K-202303-0172
,25308821830,F-ADM-SP(S),10,5000,20230325,K-202303-0171
,25308821830,F-ADM-SP(S),10,5000,20230325,K-202303-0170
,25319821810,BPœ-∂ﬁÿ›A-3(SS),15,5000,20230325,K-202303-0199
,25151521830,∫ﬁ-Ÿƒﬁ¿∏ƒT*(S),10,4000,20230325,K-202303-0267
,25460721870,LW–Ÿ∏∏ÿ-—Õﬁ-ΩYZ(H),10,5000,20230325,K-202303-0742
,25177822830,∂⁄›√≤º-ƒ(S),15,4800,20230325,K-202302-1211
,25219823810,µÿ›Àﬂ±2000SNA1X15 SS,15,4800,20230325,K-202302-1221
,25184323850,µÿ›Àﬂ±ANº-ƒ1.7K(M),13.6,4300,20230325,K-202302-1215
,25294421850,CTœ≤Ÿƒﬁº-ƒ(M),15,4800,20230325,K-202302-1228
,25176921810,Pº-ƒDB-R 650 (SS),10.4,4800,20230325,K-202302-1204
,348889ZQ,µÿ›Àﬂ±∏ÿΩÀﬂ∞ Ωƒ€∞πﬁ›,12.5,4800,20230325,K-202303-0039
,25326621830,◊›√ﬁ≤CPœ-∂ﬁÿ›-F(S),10,4000,20230325,K-202303-0211
,25326621830,◊›√ﬁ≤CPœ-∂ﬁÿ›-F(S),10,4000,20230325,K-202303-0212
,25326621830,◊›√ﬁ≤CPœ-∂ﬁÿ›-F(S),10,4000,20230325,K-202303-0213
,25326621830,◊›√ﬁ≤CPœ-∂ﬁÿ›-F(S),10,4000,20230325,K-202303-0214
,25326621830,◊›√ﬁ≤CPœ-∂ﬁÿ›-F(S),10,4000,20230325,K-202303-0215
,25803401830,MB-µÿ›Àﬂ±º-ƒL (CNT)S,497.25,3300,20230325,K-202303-1027
,25803401830,MB-µÿ›Àﬂ±º-ƒL (CNT)S,497.25,3000,20230325,K-202303-1069
,25293323030,∆’-YCS Ωƒ⁄¬¡750K(3),12.5,4800,20230327,K-202302-1182
,25293323030,∆’-YCS Ωƒ⁄¬¡750K(3),12.5,4800,20230327,K-202302-1183
,25265021830,WMœ-∂ﬁÿ›(S),15,4500,20230327,K-202303-0288
,25265021830,WMœ-∂ﬁÿ›(S),15,4500,20230327,K-202303-0289
,25265021830,WMœ-∂ﬁÿ›(S),15,4500,20230327,K-202303-0290
,25265021830,WMœ-∂ﬁÿ›(S),15,4500,20230327,K-202303-0291
,25127221850,Ãﬂ⁄–±—Ω¿-DX(M),15,6000,20230327,K-202303-0150
,25288121830,¥⁄ ﬁ-ŸøÃƒ(S),15,6000,20230327,K-202303-0159
,25566021850,EZœ-∂ﬁÿ›-R(M),10,5000,20230327,K-202303-1124
,25310821810,ªŸÀﬁ±∫ﬁ-ŸƒﬁMF10.5KSS,10.5,4500,20230327,K-202303-0181
,25310821810,ªŸÀﬁ±∫ﬁ-ŸƒﬁMF10.5KSS,10.5,4500,20230327,K-202303-0182
,25398622000,Àﬂ±¡¥,10,5000,20230327,K-202303-0232
,25105321830,œŸº¥BL7(S),15,4500,20230327,K-202303-0247
,25234621010,∫ﬁ-Ÿƒﬁ¿∏ƒ A (1),15,4500,20230327,K-202303-0280
,25113721830,ºﬁ÷∆-7(—)-AF(S),10,4500,20230327,K-202303-0250
,25175621830,±€œ-√ﬁœ≤Ÿƒﬁº-ƒ(S),15,4400,20230327,K-202302-1195
,25175621850,±€œ-√ﬁœ≤Ÿƒﬁº-ƒ(M),15,4800,20230327,K-202302-1198
,25287621830,µÿ›Àﬂ±“€-º-ƒ(Ω≤-ƒ) S,18,4700,20230327,K-202302-1248
,25322921850,KCº-ƒ(500g)(M),8,4800,20230327,K-202302-1234
,25175621850,±€œ-√ﬁœ≤Ÿƒﬁº-ƒ(M),15,4800,20230327,K-202302-1199
,25326621850,◊›√ﬁ≤CPœ-∂ﬁÿ›-F(M),10,4000,20230328,K-202303-0957
,25326621850,◊›√ﬁ≤CPœ-∂ﬁÿ›-F(M),10,4000,20230329,K-202303-1478
,25326621850,◊›√ﬁ≤CPœ-∂ﬁÿ›-F(M),10,4000,20230329,K-202303-1479
,25249821830,R-FP(S),15,4500,20230330,K-202303-0282
,25249821830,R-FP(S),15,4500,20230330,K-202303-0283
,25315921000,∏⁄œ¡Ω,10,4500,20230330,K-202303-0332
,25352021000,Ãﬂ◊ΩﬁœAR,15,5940,20230330,K-202303-0236
,25127222850,Ãﬂ⁄–±—Ω¿-DX(12.5K)M,12.5,6000,20230330,K-202303-0152
,25124521060,ºﬁ‘»¬ƒ (6),10,4500,20230330,K-202303-0257
,25153321810,NGTœ-∂ﬁÿ›(SS),15,4500,20230330,K-202303-0007
,25324221850,∏ÿ-–-øÃƒY(M),10,4500,20230330,K-202303-0205
,25314921830,√ﬁ≤±øÃƒ-II(S),10,6000,20230330,K-202303-0193
,25312821000,BRKœ-∂ﬁÿ›,15,4500,20230330,K-202303-0191
,25312821000,BRKœ-∂ﬁÿ›,15,4500,20230330,K-202303-0190
,25312821000,BRKœ-∂ﬁÿ›,15,4500,20230330,K-202303-0189
,25325721000,CNCœ-∂ﬁÿ›,15,6000,20230330,K-202303-1100
,25279522830,F-ADM(S),10,5000,20230330,K-202303-0298
,25279522830,F-ADM(S),10,5000,20230330,K-202303-0299
,25293221830,YBœ-∂ﬁÿ›-SP(S),15,5000,20230330,K-202303-0306
,25229221830,KNM20(S),15,4471,20230330,K-202303-0278
,25290021850,ÿΩøÃƒ Œ≤¬Ãﬂ(M),10,5000,20230330,K-202303-0893
,25283521830,ºﬁ¥»Ÿ-(S),10,4500,20230330,K-202303-0674
,25269721000,EXPœ-∂ﬁÿ›,20,4500,20230330,K-202303-0296
,25269721000,EXPœ-∂ﬁÿ›,20,4500,20230330,K-202303-0295
,25269721000,EXPœ-∂ﬁÿ›,20,4500,20230330,K-202303-0294
,25269721000,EXPœ-∂ﬁÿ›,20,4500,20230330,K-202303-0293
,25314921830,√ﬁ≤±øÃƒ-II(S),10,6000,20230330,K-202303-0673
,25319821810,BPœ-∂ﬁÿ›A-3(SS),15,5000,20230330,K-202303-0201
,25319821810,BPœ-∂ﬁÿ›A-3(SS),15,5000,20230330,K-202303-0200
,25318921850,Ã€≤√ﬁP-BF(M),15,5000,20230330,K-202303-0197
,25318921850,Ã€≤√ﬁP-BF(M),15,5000,20230330,K-202303-0196
,25154521850,øº¥Ÿ10K(M),10,5000,20230330,K-202303-0269
,25154521850,øº¥Ÿ10K(M),10,5000,20230330,K-202303-0270
,25154521850,øº¥Ÿ10K(M),10,5000,20230330,K-202303-0271
,25318921850,Ã€≤√ﬁP-BF(M),15,5000,20230330,K-202303-1138
,25451921060, ≤œ-¡(–Ÿ∏) DF(6),7,5000,20230330,K-202303-0888
,25308821830,F-ADM-SP(S),10,5000,20230330,K-202303-0175
,25308821830,F-ADM-SP(S),10,5000,20230330,K-202303-0173
,25308821830,F-ADM-SP(S),10,5000,20230330,K-202303-0174
,25391921000,∏⁄œ¡ΩEF,10,4500,20230330,K-202303-1339
,25325521850,»µ∏ÿ-–-Œ≤¬Ãﬂ-LN(M),10,5000,20230330,K-202303-1442
,25287921850,µÿ›Àﬂ±MEº-ƒ 1.4K(M),14,4800,20230330,K-202302-1226
,25321821850,µÿ›Àﬂ±€-‘Ÿº-ƒ(M),13,4800,20230330,K-202302-1233
,25177822830,∂⁄›√≤º-ƒ(S),15,4800,20230330,K-202303-1018
,25178021000,OL2000SN-A,15,4800,20230330,K-202302-1212
,25219823810,µÿ›Àﬂ±2000SNA1X15 SS,15,4800,20230330,K-202302-1222
,25184323850,µÿ›Àﬂ±ANº-ƒ1.7K(M),13.6,4300,20230330,K-202302-1216
,25184323850,µÿ›Àﬂ±ANº-ƒ1.7K(M),13.6,4300,20230330,K-202302-1217
,25175621830,±€œ-√ﬁœ≤Ÿƒﬁº-ƒ(S),15,4400,20230330,K-202302-1196
,25175621850,±€œ-√ﬁœ≤Ÿƒﬁº-ƒ(M),15,4800,20230330,K-202302-1201
,25177422830,±€œ-√ﬁΩ◊≤Ω(S),10,4800,20230330,K-202302-1209
,25285621830,µÿ›Àﬂ±“€-º-ƒ PV-EF S,15,4800,20230330,K-202302-1223
,25294521830,CTº-ƒL5-ADF(S),15,4800,20230330,K-202303-1030
,25176921810,Pº-ƒDB-R 650 (SS),10.4,4800,20230330,K-202303-1139
,25326621830,◊›√ﬁ≤CPœ-∂ﬁÿ›-F(S),10,4000,20230330,K-202303-0219
,25326621830,◊›√ﬁ≤CPœ-∂ﬁÿ›-F(S),10,4000,20230330,K-202303-0218
,25326621830,◊›√ﬁ≤CPœ-∂ﬁÿ›-F(S),10,4000,20230330,K-202303-0217
,25326621830,◊›√ﬁ≤CPœ-∂ﬁÿ›-F(S),10,4000,20230330,K-202303-0216
,25352321000,∏⁄œ¡ΩCP,10,4500,20230331,K-202302-1158
,25293323030,∆’-YCS Ωƒ⁄¬¡750K(3),12.5,4500,20230403,K-202302-0565
,25293323030,∆’-YCS Ωƒ⁄¬¡750K(3),12.5,4500,20230403,K-202302-0566
,25293326030,∆’-YCS Ωƒ⁄¬¡720K(3),12,4900,20230403,K-202303-0664
,25293326030,∆’-YCS Ωƒ⁄¬¡720K(3),12,4800,20230403,K-202303-0661
,25398622000,Àﬂ±¡¥,10,5000,20230404,K-202303-1143
,25313021830,µÿÀﬁ±(S),10,4500,20230405,K-202303-0903
,25303821850,¥⁄ ﬁ-Ÿ⁄-¡¥CP(M),12,4900,20230405,K-202303-0892
,25255421830, ¬∫≥ ﬁ¿-ÿ¬¡FN*(S),15,4667,20230405,K-202303-0286
,25325621850,BRœ-∂ﬁÿ›(M),10,5000,20230405,K-202303-0210
,25293326030,∆’-YCS Ωƒ⁄¬¡720K(3),12,4500,20230405,K-202303-1440
,25293326030,∆’-YCS Ωƒ⁄¬¡720K(3),12,4900,20230405,K-202303-1441
,25319721830,M-YR(S),15,4500,20230406,K-202303-0895
,25460721870,LW–Ÿ∏∏ÿ-—Õﬁ-ΩYZ(H),10,5000,20230406,K-202303-0246
,25273621830,PMœ-∂ﬁÿ› (S),15,3500,20230406,K-202303-0297
,25326621830,◊›√ﬁ≤CPœ-∂ﬁÿ›-F(S),10,4000,20230406,K-202303-1474
,25326621830,◊›√ﬁ≤CPœ-∂ﬁÿ›-F(S),10,4000,20230406,K-202303-1475
,25326621830,◊›√ﬁ≤CPœ-∂ﬁÿ›-F(S),10,4000,20230406,K-202303-1476
,25124823850,ºﬁ÷∆-7(—)-TL DIR(M),15,4500,20230408,K-202303-1415
,25293323030,∆’-YCS Ωƒ⁄¬¡750K(3),12.5,4500,20230408,K-202303-0309
,25293323030,∆’-YCS Ωƒ⁄¬¡750K(3),12.5,4400,20230408,K-202303-1330
,25318521040,∫¬Õﬂÿ±(–Ÿ∏)(4),10,5000,20230408,K-202303-0238
,25318621030,ÿΩ ﬂ-Ÿ-SP(3),12,5200,20230408,K-202303-0239
,25318621030,ÿΩ ﬂ-Ÿ-SP(3),12,5200,20230408,K-202303-0241
,25318621030,ÿΩ ﬂ-Ÿ-SP(3),12,5200,20230408,K-202303-0242
,25319821810,BPœ-∂ﬁÿ›A-3(SS),15,5000,20230408,K-202303-0202
,25124621030,€ÿ±›-TL(3),10,4500,20230408,K-202303-0261
,25124621030,€ÿ±›-TL(3),10,4500,20230408,K-202303-0259
,25142321000,Ãﬂ⁄–±—œ-∂ﬁÿ›PV,15,4500,20230410,K-202303-0266
,25800221850,MB-øº¥Ÿ10K(M),10,5000,20230410,K-202303-0329
,25318621030,ÿΩ ﬂ-Ÿ-SP(3),12,5200,20230410,K-202303-0243
,25318621030,ÿΩ ﬂ-Ÿ-SP(3),12,5200,20230410,K-202303-0244
,25153921000,º≠∞œΩ¿∞MA,10,4000,20230410,K-202303-0268
,25175621830,±€œ-√ﬁœ≤Ÿƒﬁº-ƒ(S),15,4400,20230410,K-202303-0984
,25175621850,±€œ-√ﬁœ≤Ÿƒﬁº-ƒ(M),15,4800,20230410,K-202302-1202
,25800521830,MB-µÿ›Àﬂ±CRº-ƒ-SP(S),15,4800,20230410,K-202302-1236
,25177421830,±€œ-√ﬁº-ƒ(S),15,4800,20230410,K-202302-1208
,25294521830,CTº-ƒL5-ADF(S),15,4800,20230410,K-202302-1230
,25176921810,Pº-ƒDB-R 650 (SS),10.4,4800,20230410,K-202302-1206
,25294421850,CTœ≤Ÿƒﬁº-ƒ(M),15,4800,20230410,K-202303-1140
,25234621010,∫ﬁ-Ÿƒﬁ¿∏ƒ A (1),15,4500,20230410,K-202303-0281
,25325721000,CNCœ-∂ﬁÿ›,15,6000,20230404,K-202303-1454
,25293521830,Ã¥ÿ-¡¥(S),10,4500,20230405,K-202303-1414
,25318221850,FSó˚ì˚∏ÿ-—-áU(M),10,4900,20230405,K-202303-1337
,25319721830,M-YR(S),15,4500,20230406,K-202303-0894
,25109621830,±€œ-√ﬁøÃƒ(S),10,5000,20230406,K-202303-0249
,25325521850,»µ∏ÿ-–-Œ≤¬Ãﬂ-LN(M),10,5000,20230407,K-202303-0208
,25566021850,EZœ-∂ﬁÿ›-R(M),10,4500,20230407,K-202303-1626
,25318621040,ÿΩ ﬂ-Ÿ-SP(4),12,5200,20230407,K-202303-1791
,25219522000,µÿ›Àﬂ±2000SN-A*,12,4800,20230407,K-202302-1220
,25184323850,µÿ›Àﬂ±ANº-ƒ1.7K(M),13.6,4800,20230407,K-202302-1219
,25184323850,µÿ›Àﬂ±ANº-ƒ1.7K(M),13.6,4300,20230407,K-202302-1218
,25299421050,Œﬂ‹€BA*(5),10,4800,20230408,K-202303-1446
,25220721830,MFP(S),15,4500,20230408,K-202303-0276
,25220721830,MFP(S),15,4500,20230408,K-202303-0277
,25109721830, ≤øÃƒQ-Y(S),15,6000,20230408,K-202303-0149
,25117021030,∫ﬁ-Ÿƒﬁ¿∏ƒTMB (3),10,4500,20230408,K-202303-0252
,25310921810,√ﬁ≤±øÃƒPC-EF(SS),10,6000,20230408,K-202303-0187
,25310921810,√ﬁ≤±øÃƒPC-EF(SS),10,6000,20230408,K-202303-0188
,25308221830,Ãﬂ◊ΩﬁœNFC(S),15,6000,20230408,K-202303-0168
,25352721830,œ-∂ﬁÿ›BF(S),10,3500,20230408,K-202304-0062
,25293221830,YBœ-∂ﬁÿ›-SP(S),15,5000,20230408,K-202303-0307
,25293221830,YBœ-∂ﬁÿ›-SP(S),15,5000,20230408,K-202303-0308
,25350821850, ﬁ¿-ÿ¬¡ƒ∂¡ADF(M),15,4500,20230408,K-202303-0328
,25275621830,¥⁄ ﬁ-Ÿ(S),15,4800,20230408,K-202303-0956
,25308821830,F-ADM-SP(S),10,5000,20230408,K-202303-0176
,25308821830,F-ADM-SP(S),10,5000,20230408,K-202303-0178
,25308821830,F-ADM-SP(S),10,5000,20230408,K-202303-0177
,25308821830,F-ADM-SP(S),10,5000,20230408,K-202303-0179
,25321421830,SH∏ÿ-—Õﬁ-ΩW(S),10,5000,20230408,K-202303-1313
,25308821830,F-ADM-SP(S),10,5000,20230408,K-202303-0180
,25310821810,ªŸÀﬁ±∫ﬁ-ŸƒﬁMF10.5KSS,10.5,4500,20230408,K-202303-0183
,25310821810,ªŸÀﬁ±∫ﬁ-ŸƒﬁMF10.5KSS,10.5,4500,20230408,K-202303-0184
,25123422040,√ﬁ◊Ø∏Ω∫ﬁ∞Ÿƒﬁ(4),16,3500,20230408,K-202303-0256
,25803621830,MB-±€œ∫ﬁ-ŸƒﬁCS(S),15,5000,20230408,K-202303-0906
,25301621000,ÿΩª∏ª∏œ-∂ﬁÿ›V,15,4500,20230408,K-202303-1458
,25301621000,ÿΩª∏ª∏œ-∂ﬁÿ›V,15,4500,20230408,K-202303-1457
,25301621000,ÿΩª∏ª∏œ-∂ﬁÿ›V,15,4500,20230408,K-202303-1456
,25301621000,ÿΩª∏ª∏œ-∂ﬁÿ›V,15,4500,20230408,K-202303-1455
,25294521830,CTº-ƒL5-ADF(S),15,4800,20230408,K-202303-1016
,25803401830,MB-µÿ›Àﬂ±º-ƒL (CNT)S,497.25,4300,20230408,K-202303-1376
,25803401830,MB-µÿ›Àﬂ±º-ƒL (CNT)S,497.25,4500,20230408,K-202303-0105
,25294421850,CTœ≤Ÿƒﬁº-ƒ(M),15,4800,20230408,K-202304-0065
,25176921810,Pº-ƒDB-R 650 (SS),10.4,4800,20230408,K-202304-0063
,25299421050,Œﬂ‹€BA*(5),10,4800,20230408,K-202303-0693
,25124621030,€ÿ±›-TL(3),10,4500,20230408,K-202303-1447
,25136121830,øÃƒÃ±≤›(S),15,6000,20230410,K-202303-1375
,25324221850,∏ÿ-–-øÃƒY(M),10,4500,20230410,K-202303-0206
,25325521850,»µ∏ÿ-–-Œ≤¬Ãﬂ-LN(M),10,5000,20230410,K-202303-0209
,25314921830,√ﬁ≤±øÃƒ-II(S),10,6000,20230410,K-202303-0194
,25137821830,Ãﬂ⁄–±—Ω¿- (S),15,6000,20230410,K-202303-1148
,25154121000,Ãﬂ◊ΩﬁœDX,15,6000,20230410,K-202303-0671
,25154121000,Ãﬂ◊ΩﬁœDX,15,6000,20230410,K-202303-0157
,25127221850,Ãﬂ⁄–±—Ω¿-DX(M),15,6000,20230410,K-202303-0151
,25127221850,Ãﬂ⁄–±—Ω¿-DX(M),15,6000,20230410,K-202303-1144
,25249821830,R-FP(S),15,4500,20230410,K-202303-0284
,25275621830,¥⁄ ﬁ-Ÿ(S),15,4800,20230410,K-202304-0120
,25122212870,FPœ-∂ﬁÿ›(H),15,4500,20230410,K-202303-0255
,25122212870,FPœ-∂ﬁÿ›(H),15,4500,20230410,K-202303-0254
,25122212870,FPœ-∂ﬁÿ›(H),15,4500,20230410,K-202303-0253
,26513500050,⁄Ωƒ◊› (T) ∂›-5,16,4500,20230410,K-202303-0330
,25115611050,€‹-ŸøÃƒ 9X2 (5),18,4500,20230410,K-202303-0251
,25279522830,F-ADM(S),10,5000,20230410,K-202303-0300
,25291921830,KCœ-∂ﬁÿ›-áU(S),10,5000,20230410,K-202303-0302
,25279522830,F-ADM(S),10,5000,20230410,K-202303-0301
,25258921830,±€œ-√ﬁHTR-J(S),15,5000,20230410,K-202303-0287
,25803621830,MB-±€œ∫ﬁ-ŸƒﬁCS(S),15,5000,20230410,K-202303-0234
,25129621830,±€œ∫ﬁ-Ÿƒﬁ(S),15,5000,20230410,K-202303-0263
,25129621830,±€œ∫ﬁ-Ÿƒﬁ(S),15,5000,20230410,K-202303-0264
,25287921850,µÿ›Àﬂ±MEº-ƒ 1.4K(M),14,4800,20230410,K-202302-1227
,25803401830,MB-µÿ›Àﬂ±º-ƒL (CNT)S,497.25,4300,20230410,K-202303-1408
,25307621830,œŸº¥BΩ◊≤ΩL20NEO(S),10,4800,20230410,K-202303-1338
,25326621830,◊›√ﬁ≤CPœ-∂ﬁÿ›-F(S),10,4000,20230410,K-202303-0226
,25326621830,◊›√ﬁ≤CPœ-∂ﬁÿ›-F(S),10,4000,20230410,K-202303-0227
,25326621830,◊›√ﬁ≤CPœ-∂ﬁÿ›-F(S),10,4000,20230410,K-202303-0228
,25326621830,◊›√ﬁ≤CPœ-∂ﬁÿ›-F(S),10,4000,20230410,K-202303-0229
,25326621830,◊›√ﬁ≤CPœ-∂ﬁÿ›-F(S),10,4000,20230410,K-202303-0230
,25154622000,»Ã¥¬∏Ω,10,10000,20230411,K-202303-0158
,25313222030,NPœ-∂ﬁÿ›CP 13K(3),13,4500,20230412,K-202303-1638
,25911711000,ƒŸ√,16,5000,20230412,K-202303-0235
,25125622060,œŸ∆º€AT-2-TL(38),20,2500,20230413,K-202304-0159
,25119123850,Ã€≤√ﬁÃﬂ⁄–±—N,10,5000,20230413,K-202303-1245
,25398622000,Àﬂ±¡¥,10,5000,20230413,K-202303-1218
,25124521060,ºﬁ‘»¬ƒ (6),10,4500,20230413,K-202303-1246
,25124521060,ºﬁ‘»¬ƒ (6),10,4500,20230413,K-202303-1247
,25298021830,SOZA-YΩÕﬂº‘Ÿ(S),15,4500,20230413,K-202303-1304
,25298021830,SOZA-YΩÕﬂº‘Ÿ(S),15,5000,20230413,K-202303-1305
,25298021830,SOZA-YΩÕﬂº‘Ÿ(S),15,4500,20230413,K-202303-0319
,25298021830,SOZA-YΩÕﬂº‘Ÿ(S),15,5000,20230413,K-202303-0321
,25298021830,SOZA-YΩÕﬂº‘Ÿ(S),15,4500,20230413,K-202303-0320
,25298021830,SOZA-YΩÕﬂº‘Ÿ(S),15,5000,20230413,K-202303-0322
,25283521830,ºﬁ¥»Ÿ-(S),10,4500,20230413,K-202303-1077
,25294521830,CTº-ƒL5-ADF(S),15,4800,20230413,K-202304-0266
,25220721830,MFP(S),15,4500,20230414,K-202304-0061
,25313021830,µÿÀﬁ±(S),10,4500,20230414,K-202304-0069
,25566021850,EZœ-∂ﬁÿ›-R(M),10,4500,20230414,K-202303-1627
,25177822830,∂⁄›√≤º-ƒ(S),15,4800,20230414,K-202303-1359
,25325721000,CNCœ-∂ﬁÿ›,15,6000,20230415,K-202304-0105
,25391921000,∏⁄œ¡ΩEF,10,4500,20230415,K-202303-0904
,25290021830,ÿΩøÃƒ Œ≤¬Ãﬂ(S),10,4000,20230415,K-202303-1335
,25314921830,√ﬁ≤±øÃƒ-II(S),10,6000,20230415,K-202303-1184
,25303421810,FH-A6(7K)(SS),7,630,20230415,K-202303-1157
,25303423810,FH-A6(8.5K)(SS),8.5,1020,20230415,K-202303-1158
,25303422810,FH-A6(7.5K)(SS),7.5,2881,20230415,K-202303-1159
,25233721830,FTSœ-∂ﬁÿ›(S),15,4500,20230415,K-202304-0145
,25301721830,¥⁄ ﬁ-ŸFB-áU(S),15,4800,20230415,K-202303-1155
,25301721830,¥⁄ ﬁ-ŸFB-áU(S),15,4800,20230415,K-202303-1156
,25318621030,ÿΩ ﬂ-Ÿ-SP(3),12,5200,20230415,K-202303-1227
,25318621030,ÿΩ ﬂ-Ÿ-SP(3),12,5200,20230415,K-202303-1228
,25308821830,F-ADM-SP(S),10,5000,20230415,K-202303-1167
,25308821830,F-ADM-SP(S),10,5000,20230415,K-202303-1168
,25308821830,F-ADM-SP(S),10,5000,20230415,K-202303-1164
,25308821830,F-ADM-SP(S),10,5000,20230415,K-202303-1165
,25308821830,F-ADM-SP(S),10,5000,20230415,K-202303-1166
,25263121810,ROY-DX(SS),15,5000,20230415,K-202303-0954
,25263121810,ROY-DX(SS),15,5000,20230415,K-202303-0955
,25398622000,Àﬂ±¡¥,10,5000,20230415,K-202303-1630
,25318621030,ÿΩ ﬂ-Ÿ-SP(3),12,5200,20230415,K-202303-1229
,25460721870,LW–Ÿ∏∏ÿ-—Õﬁ-ΩYZ(H),10,5000,20230415,K-202303-1241
,25319721830,M-YR(S),15,4500,20230415,K-202303-0897
,25263021000,øº¥ŸC,10,5000,20230415,K-202303-1631
,25154521850,øº¥Ÿ10K(M),10,5000,20230415,K-202303-1262
,25154521850,øº¥Ÿ10K(M),10,5000,20230415,K-202303-1263
,25326621830,◊›√ﬁ≤CPœ-∂ﬁÿ›-F(S),10,4000,20230415,K-202303-1204
,25326621830,◊›√ﬁ≤CPœ-∂ﬁÿ›-F(S),10,4000,20230415,K-202303-1203
,25326621830,◊›√ﬁ≤CPœ-∂ﬁÿ›-F(S),10,4000,20230415,K-202303-1202
,25326621830,◊›√ﬁ≤CPœ-∂ﬁÿ›-F(S),10,4000,20230415,K-202303-1201
,25326621830,◊›√ﬁ≤CPœ-∂ﬁÿ›-F(S),10,4000,20230415,K-202303-1200
,25294521830,CTº-ƒL5-ADF(S),15,4800,20230415,K-202303-1367
,25184323850,µÿ›Àﬂ±ANº-ƒ1.7K(M),13.6,4300,20230415,K-202303-1012
,25184323850,µÿ›Àﬂ±ANº-ƒ1.7K(M),13.6,4300,20230415,K-202303-1013
,25176921810,Pº-ƒDB-R 650 (SS),10.4,4800,20230415,K-202303-1009
,25293323030,∆’-YCS Ωƒ⁄¬¡750K(3),12.5,4800,20230417,K-202303-1331
,25293323030,∆’-YCS Ωƒ⁄¬¡750K(3),12.5,4800,20230417,K-202303-1332
,25293326030,∆’-YCS Ωƒ⁄¬¡720K(3),12,4900,20230417,K-202303-1333
,25293326030,∆’-YCS Ωƒ⁄¬¡720K(3),12,4800,20230417,K-202303-1334
,25154121000,Ãﬂ◊ΩﬁœDX,15,6000,20230417,K-202303-1149
,25305321000,LAGœ-∂ﬁÿ›,15,4500,20230417,K-202303-1160
,25305321000,LAGœ-∂ﬁÿ›,15,4500,20230417,K-202303-1161
,25305321000,LAGœ-∂ﬁÿ›,15,4500,20230417,K-202303-1162
,25294621830,MNœ-∂ﬁÿ›(S),10,4500,20230417,K-202303-1075
,25249821830,R-FP(S),15,4500,20230417,K-202303-1272
,25297921850,EZœ-∂ﬁÿ›Œ‹≤ƒ(M),10,5000,20230417,K-202303-1303
,25293221830,YBœ-∂ﬁÿ›-SP(S),15,5000,20230417,K-202303-1293
,25290021850,ÿΩøÃƒ Œ≤¬Ãﬂ(M),10,5000,20230417,K-202303-1459
,25310921810,√ﬁ≤±øÃƒPC-EF(SS),10,6000,20230417,K-202303-1179
,25310921810,√ﬁ≤±øÃƒPC-EF(SS),10,6000,20230417,K-202303-1178
,25310921810,√ﬁ≤±øÃƒPC-EF(SS),10,6000,20230417,K-202303-1177
,25154121000,Ãﬂ◊ΩﬁœDX,15,6000,20230417,K-202303-1150
,25154121000,Ãﬂ◊ΩﬁœDX,15,6000,20230417,K-202304-0123
,25137522830,€-⁄Ÿ Ω¿- (S),15,6000,20230417,K-202304-0122
,25137522830,€-⁄Ÿ Ω¿- (S),15,6000,20230417,K-202303-1146
,25137522830,€-⁄Ÿ Ω¿- (S),15,6000,20230417,K-202303-1147
,25259621000,“ƒﬁ⁄¬ƒST,15,4500,20230417,K-202304-0174
,25214421850,“ƒﬁ⁄¬ƒJ-1(M),10,4500,20230417,K-202303-1267
,25293221830,YBœ-∂ﬁÿ›-SP(S),15,5000,20230417,K-202303-1294
,25318221850,FSó˚ì˚∏ÿ-—-áU(M),10,4900,20230417,K-202303-1511
,25318221850,FSó˚ì˚∏ÿ-—-áU(M),10,4900,20230417,K-202303-1510
,25105321830,œŸº¥BL7(S),15,4500,20230417,K-202303-1336
,25130621830,ºŸÀﬁ±FM-TL(S),10,4500,20230417,K-202303-1257
,25800221850,MB-øº¥Ÿ10K(M),10,5000,20230417,K-202303-1311
,25326621850,◊›√ﬁ≤CPœ-∂ﬁÿ›-F(M),10,4000,20230417,K-202304-0348
,25300721000,»µº≠∞M-A*,10,4800,20230417,K-202303-1468
,25300721000,»µº≠∞M-A*,10,4800,20230417,K-202303-1467
,25175621850,±€œ-√ﬁœ≤Ÿƒﬁº-ƒ(M),15,4800,20230417,K-202303-1006
,25175621850,±€œ-√ﬁœ≤Ÿƒﬁº-ƒ(M),15,4800,20230417,K-202303-1007
,25803401830,MB-µÿ›Àﬂ±º-ƒL (CNT)S,497.25,4500,20230417,K-202303-0636
,25294421850,CTœ≤Ÿƒﬁº-ƒ(M),15,4800,20230417,K-202303-1015
,25800521830,MB-µÿ›Àﬂ±CRº-ƒ-SP(S),15,4800,20230417,K-202303-1017
,25177621830,∂⁄›√≤º-ƒ(Ω≤-ƒ)EF(S),15,4800,20230417,K-202303-1011
,25308121830,µÿ›Àﬂ±YUº-ƒ(1.4K)S,14,4800,20230417,K-202303-1369
,25803401830,MB-µÿ›Àﬂ±º-ƒL (CNT)S,497.25,3900,20230417,K-202304-0143
,25803401830,MB-µÿ›Àﬂ±º-ƒL (CNT)S,497.25,4500,20230417,K-202303-0637
,25175621850,±€œ-√ﬁœ≤Ÿƒﬁº-ƒ(M),15,4800,20230417,K-202304-0117
,25175621850,±€œ-√ﬁœ≤Ÿƒﬁº-ƒ(M),15,4800,20230417,K-202303-1005
,25175621850,±€œ-√ﬁœ≤Ÿƒﬁº-ƒ(M),15,4800,20230417,K-202303-1004
,25803401830,MB-µÿ›Àﬂ±º-ƒL (CNT)S,497.25,4400,20230417,K-202304-0172
,25803401830,MB-µÿ›Àﬂ±º-ƒL (CNT)S,497.25,4500,20230417,K-202303-0638
,25175621850,±€œ-√ﬁœ≤Ÿƒﬁº-ƒ(M),15,4800,20230417,K-202303-1002
,25175621850,±€œ-√ﬁœ≤Ÿƒﬁº-ƒ(M),15,4800,20230417,K-202303-1003
,25177421830,±€œ-√ﬁº-ƒ(S),15,4800,20230417,K-202303-1010
,25322921850,KCº-ƒ(500g)(M),8,4800,20230417,K-202303-1370
,25163222050,ÿ±…ΩNS(5),15,3500,20230417,K-202303-0898
,25279522830,F-ADM(S),10,5000,20230418,K-202303-1280
,25279522830,F-ADM(S),10,5000,20230418,K-202303-1281
,25324221850,∏ÿ-–-øÃƒY(M),10,4500,20230418,K-202303-1194
,25325521850,»µ∏ÿ-–-Œ≤¬Ãﬂ-LN(M),10,5000,20230418,K-202303-1196
,25318921850,Ã€≤√ﬁP-BF(M),15,5000,20230418,K-202303-1188
,25318921850,Ã€≤√ﬁP-BF(M),15,5000,20230418,K-202303-1189
,25318921850,Ã€≤√ﬁP-BF(M),15,5000,20230418,K-202303-1187
,25299421050,Œﬂ‹€BA*(5),10,4800,20230418,K-202303-1307
,25299421050,Œﬂ‹€BA*(5),10,4800,20230418,K-202303-1306
,25109621830,±€œ-√ﬁøÃƒ(S),10,5000,20230419,K-202303-1244
,25318621040,ÿΩ ﬂ-Ÿ-SP(4),12,5200,20230419,K-202303-1230
,25310821810,ªŸÀﬁ±∫ﬁ-ŸƒﬁMF10.5KSS,10.5,4500,20230419,K-202303-1175
,25310821810,ªŸÀﬁ±∫ﬁ-ŸƒﬁMF10.5KSS,10.5,4500,20230419,K-202303-1176
,25283621850,EZœ-∂ﬁÿ›(M),10,5000,20230419,K-202303-1287
,25283621850,EZœ-∂ﬁÿ›(M),10,5000,20230419,K-202303-1284
,25283621850,EZœ-∂ﬁÿ›(M),10,5000,20230419,K-202303-1285
,25283621850,EZœ-∂ﬁÿ›(M),10,5000,20230419,K-202303-1286
,25318621040,ÿΩ ﬂ-Ÿ-SP(4),12,5200,20230419,K-202303-1234
,25318621040,ÿΩ ﬂ-Ÿ-SP(4),12,5200,20230419,K-202303-1233
,25318621040,ÿΩ ﬂ-Ÿ-SP(4),12,5200,20230419,K-202303-1231
,25318621040,ÿΩ ﬂ-Ÿ-SP(4),12,5200,20230419,K-202303-1232
,25398622000,Àﬂ±¡¥,10,5000,20230419,K-202304-0146
,25803621830,MB-±€œ∫ﬁ-ŸƒﬁCS(S),15,5000,20230419,K-202303-1220
,25326621830,◊›√ﬁ≤CPœ-∂ﬁÿ›-F(S),10,4000,20230419,K-202303-1209
,25326621830,◊›√ﬁ≤CPœ-∂ﬁÿ›-F(S),10,4000,20230419,K-202303-1208
,25326621830,◊›√ﬁ≤CPœ-∂ﬁÿ›-F(S),10,4000,20230419,K-202303-1207
,25326621830,◊›√ﬁ≤CPœ-∂ﬁÿ›-F(S),10,4000,20230419,K-202303-1206
,25326621830,◊›√ﬁ≤CPœ-∂ﬁÿ›-F(S),10,4000,20230419,K-202303-1205
,25265021830,WMœ-∂ﬁÿ›(S),15,4500,20230420,K-202303-1276
,25265021830,WMœ-∂ﬁÿ›(S),15,4500,20230420,K-202303-1277
,25265021830,WMœ-∂ﬁÿ›(S),15,4500,20230420,K-202303-1278
,25124521060,ºﬁ‘»¬ƒ (6),10,4500,20230420,K-202303-1248
,25319821810,BPœ-∂ﬁÿ›A-3(SS),15,5000,20230420,K-202303-1190
,25125622030,œŸ∆º€AT-2-TL(32),20,2500,20230420,K-202304-0330
,25136221030,SFœ-∂ﬁÿ› (3),15,4500,20230420,K-202303-1258
,25319821810,BPœ-∂ﬁÿ›A-3(SS),15,5000,20230420,K-202303-1191
,25319821810,BPœ-∂ﬁÿ›A-3(SS),15,5000,20230420,K-202303-1192
,25124521060,ºﬁ‘»¬ƒ (6),10,4500,20230420,K-202303-1249
,25921411000,ºﬁ¥…‹-Ωﬁ,16,12000,20230420,K-202303-1222
,25314921830,√ﬁ≤±øÃƒ-II(S),10,6000,20230420,K-202303-1185
,25451921060, ≤œ-¡(–Ÿ∏) DF(6),7,5000,20230420,K-202303-1240
,25319721830,M-YR(S),15,4500,20230420,K-202303-1786
,25129621830,±€œ∫ﬁ-Ÿƒﬁ(S),15,5000,20230420,K-202304-0350
,25129621830,±€œ∫ﬁ-Ÿƒﬁ(S),15,5000,20230420,K-202304-0349
,25129621830,±€œ∫ﬁ-Ÿƒﬁ(S),15,5000,20230420,K-202303-1255
,25129621830,±€œ∫ﬁ-Ÿƒﬁ(S),15,5000,20230420,K-202303-1256
,25184323850,µÿ›Àﬂ±ANº-ƒ1.7K(M),13.6,4300,20230420,K-202303-1363
,25184323850,µÿ›Àﬂ±ANº-ƒ1.7K(M),13.6,4300,20230420,K-202303-1362
,25184323850,µÿ›Àﬂ±ANº-ƒ1.7K(M),13.6,4300,20230420,K-202303-1361
,25293323030,∆’-YCS Ωƒ⁄¬¡750K(3),12.5,4500,20230422,K-202303-1297
,25293323030,∆’-YCS Ωƒ⁄¬¡750K(3),12.5,4300,20230422,K-202304-0036
,25127222850,Ãﬂ⁄–±—Ω¿-DX(12.5K)M,12.5,6000,20230422,K-202303-1145
,25303921830,ÿΩΩÃﬂ⁄¬ƒﬁY(S),10,4500,20230422,K-202303-1785
,25283521830,ºﬁ¥»Ÿ-(S),10,4500,20230422,K-202303-1078
,25285921830,¥Ω¿Ãﬁ⁄(S),15,5000,20230422,K-202303-1289
,25285921830,¥Ω¿Ãﬁ⁄(S),15,5000,20230422,K-202303-1288
,25285921830,¥Ω¿Ãﬁ⁄(S),15,5000,20230422,K-202303-1290
,25285921830,¥Ω¿Ãﬁ⁄(S),15,5000,20230422,K-202303-1291
,25352521000,YMAœ-∂ﬁÿ›-3,15,6000,20230422,K-202303-1216
,25352521000,YMAœ-∂ﬁÿ›-3,15,6000,20230422,K-202303-1217
,25308821830,F-ADM-SP(S),10,5000,20230422,K-202303-1171
,25308821830,F-ADM-SP(S),10,5000,20230422,K-202303-1172
,25278521830,œŸº¥ MON(S),15,5000,20230422,K-202303-1279
,25308821830,F-ADM-SP(S),10,5000,20230422,K-202303-1173
,25308821830,F-ADM-SP(S),10,5000,20230422,K-202303-1174
,25293221830,YBœ-∂ﬁÿ›-SP(S),15,5000,20230422,K-202304-0632
,25153221830,±€œ∞√ﬁÃŸ∞Ÿ(S),10,4500,20230422,K-202303-1259
,25308821830,F-ADM-SP(S),10,5000,20230422,K-202303-1170
,25308821830,F-ADM-SP(S),10,5000,20230422,K-202303-1169
,25154521850,øº¥Ÿ10K(M),10,5000,20230422,K-202303-1264
,25154521850,øº¥Ÿ10K(M),10,5000,20230422,K-202303-1265
,25154521850,øº¥Ÿ10K(M),10,5000,20230422,K-202303-1266
,25318521040,∫¬Õﬂÿ±(–Ÿ∏)(4),10,5000,20230422,K-202303-1242
,25321421830,SH∏ÿ-—Õﬁ-ΩW(S),10,5000,20230422,K-202303-1314
,25318221850,FSó˚ì˚∏ÿ-—-áU(M),10,4900,20230422,K-202303-1225
,25287921850,µÿ›Àﬂ±MEº-ƒ 1.4K(M),14,4800,20230422,K-202303-1640
,25175621830,±€œ-√ﬁœ≤Ÿƒﬁº-ƒ(S),15,4400,20230422,K-202304-0114
,25234621010,∫ﬁ-Ÿƒﬁ¿∏ƒ A (1),15,4500,20230422,K-202303-1271
,25124621030,€ÿ±›-TL(3),10,4500,20230422,K-202303-1251
,25220721830,MFP(S),15,4500,20230422,K-202303-1268
,25220721830,MFP(S),15,4500,20230422,K-202303-1269
,25249821830,R-FP(S),15,4500,20230422,K-202303-1273
,25124621030,€ÿ±›-TL(3),10,4500,20230422,K-202303-1252
,25178021000,OL2000SN-A,15,4800,20230422,K-202303-1360
,25287921850,µÿ›Àﬂ±MEº-ƒ 1.4K(M),14,4800,20230422,K-202303-1365
,25294521830,CTº-ƒL5-ADF(S),15,4800,20230422,K-202303-1368
,25800521830,MB-µÿ›Àﬂ±CRº-ƒ-SP(S),15,4800,20230422,K-202303-1371
,25176921810,Pº-ƒDB-R 650 (SS),10.4,4800,20230422,K-202303-1357
,25176921810,Pº-ƒDB-R 650 (SS),10.4,4800,20230422,K-202303-1356
,25294421850,CTœ≤Ÿƒﬁº-ƒ(M),15,4800,20230422,K-202303-1366
,25175621850,±€œ-√ﬁœ≤Ÿƒﬁº-ƒ(M),15,4800,20230422,K-202303-1354
,25803401830,MB-µÿ›Àﬂ±º-ƒL (CNT)S,497.25,4300,20230422,K-202304-0347
,25803401830,MB-µÿ›Àﬂ±º-ƒL (CNT)S,497.25,4500,20230422,K-202303-1372
,25175621830,±€œ-√ﬁœ≤Ÿƒﬁº-ƒ(S),15,4400,20230422,K-202304-0115
,25177422830,±€œ-√ﬁΩ◊≤Ω(S),10,4800,20230422,K-202303-1358
,25160021830,µÿ›Àﬂ±Ω◊≤Ω(Ω≤∞ƒ–Ÿ∏*S,10,4410,20230422,K-202303-1351
,25324221850,∏ÿ-–-øÃƒY(M),10,4500,20230424,K-202303-1195
,25325521850,»µ∏ÿ-–-Œ≤¬Ãﬂ-LN(M),10,5000,20230424,K-202303-1198
,25301621000,ÿΩª∏ª∏œ-∂ﬁÿ›V,15,4500,20230424,K-202303-1154
,25301621000,ÿΩª∏ª∏œ-∂ﬁÿ›V,15,4500,20230424,K-202303-1153
,25301621000,ÿΩª∏ª∏œ-∂ﬁÿ›V,15,4500,20230424,K-202303-1152
,25301621000,ÿΩª∏ª∏œ-∂ﬁÿ›V,15,4500,20230424,K-202303-1151
,25323021000,YQœ-∂ﬁÿ›,15,4500,20230424,K-202303-1193
,25124823850,ºﬁ÷∆-7(—)-TL DIR(M),15,4500,20230424,K-202303-1254
,25325521850,»µ∏ÿ-–-Œ≤¬Ãﬂ-LN(M),10,5000,20230424,K-202303-1197
,25263121810,ROY-DX(SS),15,5000,20230424,K-202304-0686
,25263121810,ROY-DX(SS),15,5000,20230424,K-202304-0685
,25263121810,ROY-DX(SS),15,5000,20230424,K-202304-0684
,25263121810,ROY-DX(SS),15,5000,20230424,K-202304-0683
,25350821850, ﬁ¿-ÿ¬¡ƒ∂¡ADF(M),15,4500,20230424,K-202304-0676
,25249821830,R-FP(S),15,4500,20230424,K-202304-0581
,25319821810,BPœ-∂ﬁÿ›A-3(SS),15,5000,20230424,K-202304-0441
,25319821810,BPœ-∂ﬁÿ›A-3(SS),15,5000,20230424,K-202304-0440
,25312821000,BRKœ-∂ﬁÿ›,15,4500,20230424,K-202303-1182
,25312821000,BRKœ-∂ﬁÿ›,15,4500,20230424,K-202303-1181
,25312821000,BRKœ-∂ﬁÿ›,15,4500,20230424,K-202303-1180
,25326621830,◊›√ﬁ≤CPœ-∂ﬁÿ›-F(S),10,4000,20230424,K-202303-1213
,25326621830,◊›√ﬁ≤CPœ-∂ﬁÿ›-F(S),10,4000,20230424,K-202303-1212
,25326621830,◊›√ﬁ≤CPœ-∂ﬁÿ›-F(S),10,4000,20230424,K-202303-1211
,25326621830,◊›√ﬁ≤CPœ-∂ﬁÿ›-F(S),10,4000,20230424,K-202303-1214
,25300721000,»µº≠∞M-A*,10,4800,20230424,K-202303-1310
,25300721000,»µº≠∞M-A*,10,4800,20230424,K-202303-1308
,25153921000,º≠∞œΩ¿∞MA,10,4000,20230424,K-202304-0564
,25153921000,º≠∞œΩ¿∞MA,10,4000,20230424,K-202303-1260
,25263021000,øº¥ŸC,10,5000,20230424,K-202303-1632
,25800221850,MB-øº¥Ÿ10K(M),10,5000,20230424,K-202303-1312
,25315921000,∏⁄œ¡Ω,10,4500,20230424,K-202303-1186
,25134921040,Œﬂ‹€ (4),10,4500,20230424,K-202304-0559
,25233721830,FTSœ-∂ﬁÿ›(S),15,4500,20230424,K-202304-0579
,25317121000,œ-Õﬁ◊ΩSL,10,3500,20230424,K-202304-0074
,25262521830,SOZA-YDX(S),15,4500,20230424,K-202304-0593
,25262521830,SOZA-YDX(S),15,5000,20230424,K-202304-0595
,25262521830,SOZA-YDX(S),15,4500,20230424,K-202304-0591
,25262521830,SOZA-YDX(S),15,5000,20230424,K-202304-0596
,25262521830,SOZA-YDX(S),15,4500,20230424,K-202304-0592
,25262521830,SOZA-YDX(S),15,5000,20230424,K-202304-0594
,25318621040,ÿΩ ﬂ-Ÿ-SP(4),12,5200,20230424,K-202303-1239
,25318621040,ÿΩ ﬂ-Ÿ-SP(4),12,5200,20230424,K-202303-1238
,25318621040,ÿΩ ﬂ-Ÿ-SP(4),12,5200,20230424,K-202303-1235
,25318621040,ÿΩ ﬂ-Ÿ-SP(4),12,5200,20230424,K-202303-1236
,25318621040,ÿΩ ﬂ-Ÿ-SP(4),12,5200,20230424,K-202303-1237
,25318221850,FSó˚ì˚∏ÿ-—-áU(M),10,4900,20230424,K-202303-1513
,25318221850,FSó˚ì˚∏ÿ-—-áU(M),10,4900,20230424,K-202303-1512
,25313021830,µÿÀﬁ±(S),10,4500,20230425,K-202304-0070
,25302821810, ›ƒﬁΩÃﬂ⁄¬ƒﬁ(SS),10,5000,20230425,K-202304-0380
,25258721830,Œﬂ‹€∫ﬁ-Ÿƒﬁ(S),15,4500,20230425,K-202303-1274
,25293221830,YBœ-∂ﬁÿ›-SP(S),15,5000,20230425,K-202303-1296
,25293221830,YBœ-∂ﬁÿ›-SP(S),15,5000,20230425,K-202303-1295
,25279522830,F-ADM(S),10,5000,20230425,K-202303-1283
,25279522830,F-ADM(S),10,5000,20230425,K-202303-1282
,25398622000,Àﬂ±¡¥,10,5000,20230425,K-202304-0147
,25258921830,±€œ-√ﬁHTR-J(S),15,5000,20230425,K-202303-1275
,25291921830,KCœ-∂ﬁÿ›-áU(S),10,5000,20230425,K-202303-1292
,25325621850,BRœ-∂ﬁÿ›(M),10,5000,20230425,K-202303-1199
,25318921850,Ã€≤√ﬁP-BF(M),15,5000,20230425,K-202303-1777
,25318921850,Ã€≤√ﬁP-BF(M),15,5000,20230425,K-202303-1778
,25293326030,∆’-YCS Ωƒ⁄¬¡720K(3),12,4900,20230426,K-202304-0037
,25293326030,∆’-YCS Ωƒ⁄¬¡720K(3),12,4800,20230426,K-202304-0038
,25326621830,◊›√ﬁ≤CPœ-∂ﬁÿ›-F(S),10,4000,20230426,K-202304-0465
,25326621830,◊›√ﬁ≤CPœ-∂ﬁÿ›-F(S),10,4000,20230426,K-202304-0464
,25326621830,◊›√ﬁ≤CPœ-∂ﬁÿ›-F(S),10,4000,20230426,K-202304-0463
,25326621830,◊›√ﬁ≤CPœ-∂ﬁÿ›-F(S),10,4000,20230426,K-202304-0462
,25326621830,◊›√ﬁ≤CPœ-∂ﬁÿ›-F(S),10,4000,20230426,K-202304-0461
,25293323030,∆’-YCS Ωƒ⁄¬¡750K(3),12.5,4800,20230428,K-202304-0109
,25293323030,∆’-YCS Ωƒ⁄¬¡750K(3),12.5,4800,20230428,K-202304-0110
,25308221830,Ãﬂ◊ΩﬁœNFC(S),15,6000,20230430,K-202304-0351
,25324221850,∏ÿ-–-øÃƒY(M),10,4500,20230430,K-202304-0449
,25314921810,√ﬁ≤±øÃƒ-II(SS),10,6000,20230430,K-202304-0430
,25263121810,ROY-DX(SS),15,5000,20230430,K-202304-0687
,25263121810,ROY-DX(SS),15,5000,20230430,K-202304-0267
,25263121810,ROY-DX(SS),15,5000,20230430,K-202304-0268
,25263121810,ROY-DX(SS),15,5000,20230430,K-202304-0269
,25263121810,ROY-DX(SS),15,5000,20230430,K-202304-0690
,25299421050,Œﬂ‹€BA*(5),10,4800,20230430,K-202304-0661
,25299421050,Œﬂ‹€BA*(5),10,4800,20230430,K-202304-0660
,25293221830,YBœ-∂ﬁÿ›-SP(S),15,5000,20230430,K-202304-0634
,25293221830,YBœ-∂ﬁÿ›-SP(S),15,5000,20230430,K-202304-0633
,25319721830,M-YR(S),15,4500,20230430,K-202303-1787
,25285921830,¥Ω¿Ãﬁ⁄(S),15,5000,20230430,K-202304-0622
,25285921830,¥Ω¿Ãﬁ⁄(S),15,5000,20230430,K-202304-0621
,25263121810,ROY-DX(SS),15,5000,20230430,K-202304-0689
,25263121810,ROY-DX(SS),15,5000,20230430,K-202304-0688
,25325521850,»µ∏ÿ-–-Œ≤¬Ãﬂ-LN(M),10,5000,20230430,K-202304-0455
,25154121000,Ãﬂ◊ΩﬁœDX,15,6000,20230430,K-202304-0363
,25154121000,Ãﬂ◊ΩﬁœDX,15,6000,20230430,K-202304-0362
,25154121000,Ãﬂ◊ΩﬁœDX,15,6000,20230430,K-202304-0361
,25127221850,Ãﬂ⁄–±—Ω¿-DX(M),15,6000,20230430,K-202304-0353
,25308821830,F-ADM-SP(S),10,5000,20230430,K-202304-0392
,25308821830,F-ADM-SP(S),10,5000,20230430,K-202304-0393
,25308821830,F-ADM-SP(S),10,5000,20230430,K-202304-0394
,25308821830,F-ADM-SP(S),10,5000,20230430,K-202304-0395
,25318621040,ÿΩ ﬂ-Ÿ-SP(4),12,5200,20230430,K-202304-0506
,25318621040,ÿΩ ﬂ-Ÿ-SP(4),12,5200,20230430,K-202304-0507
,25460721870,LW–Ÿ∏∏ÿ-—Õﬁ-ΩYZ(H),10,5000,20230430,K-202304-0527
,25281221850,ñkäCìπó˚ì˚∏ÿ-—(M),10,5000,20230430,K-202304-0498
,25800221850,MB-øº¥Ÿ10K(M),10,5000,20230430,K-202304-0678
,25310821810,ªŸÀﬁ±∫ﬁ-ŸƒﬁMF10.5KSS,10.5,5000,20230430,K-202304-0416
,25310821810,ªŸÀﬁ±∫ﬁ-ŸƒﬁMF10.5KSS,10.5,5000,20230430,K-202304-0415
,25310821810,ªŸÀﬁ±∫ﬁ-ŸƒﬁMF10.5KSS,10.5,5000,20230430,K-202304-0414
,25398622000,Àﬂ±¡¥,10,5000,20230430,K-202304-0148
,25105321830,œŸº¥BL7(S),15,4500,20230430,K-202304-0531
,25352321000,∏⁄œ¡ΩCP,10,4500,20230430,K-202303-1215
,25318921850,Ã€≤√ﬁP-BF(M),15,5000,20230430,K-202303-1779
,25318921850,Ã€≤√ﬁP-BF(M),15,5000,20230430,K-202303-1780
,25175621830,±€œ-√ﬁœ≤Ÿƒﬁº-ƒ(S),15,4800,20230430,K-202304-0693
,25175621850,±€œ-√ﬁœ≤Ÿƒﬁº-ƒ(M),15,4800,20230430,K-202304-0701
,25124621030,€ÿ±›-TL(3),10,4500,20230430,K-202304-0546
,25124621030,€ÿ±›-TL(3),10,4500,20230430,K-202304-0545
,25177822830,∂⁄›√≤º-ƒ(S),15,4800,20230430,K-202304-0724
,25184323850,µÿ›Àﬂ±ANº-ƒ1.7K(M),13.6,4300,20230430,K-202304-0731
,25184323850,µÿ›Àﬂ±ANº-ƒ1.7K(M),13.6,4300,20230430,K-202304-0730
,25184323850,µÿ›Àﬂ±ANº-ƒ1.7K(M),13.6,4300,20230430,K-202304-0729
,25184323850,µÿ›Àﬂ±ANº-ƒ1.7K(M),13.6,4300,20230430,K-202304-0728
,25287921850,µÿ›Àﬂ±MEº-ƒ 1.4K(M),14,4800,20230430,K-202303-1641
,25294521830,CTº-ƒL5-ADF(S),15,4800,20230430,K-202304-0749
,25803401830,MB-µÿ›Àﬂ±º-ƒL (CNT)S,497.25,4500,20230430,K-202304-0763
,25803401830,MB-µÿ›Àﬂ±º-ƒL (CNT)S,497.25,4500,20230430,K-202304-0764
,25175621850,±€œ-√ﬁœ≤Ÿƒﬁº-ƒ(M),15,4800,20230430,K-202304-0700
,25124621030,€ÿ±›-TL(3),10,4500,20230430,K-202304-0544
,25124621030,€ÿ±›-TL(3),10,4500,20230430,K-202304-0543
,25220721830,MFP(S),15,4500,20230430,K-202304-0571
,25220721830,MFP(S),15,4500,20230430,K-202304-0572
,25249821830,R-FP(S),15,4500,20230430,K-202304-0582
,25124621030,€ÿ±›-TL(3),10,4500,20230430,K-202303-1637
,25300721000,»µº≠∞M-A*,10,4800,20230430,K-202304-0668
,25300721000,»µº≠∞M-A*,10,4800,20230430,K-202304-0667
,25300721000,»µº≠∞M-A*,10,4800,20230430,K-202304-0666
,25300721000,»µº≠∞M-A*,10,4800,20230430,K-202303-1309
,25326621830,◊›√ﬁ≤CPœ-∂ﬁÿ›-F(S),10,4000,20230506,K-202304-0470
,25326621830,◊›√ﬁ≤CPœ-∂ﬁÿ›-F(S),10,4000,20230506,K-202304-0469
,25326621830,◊›√ﬁ≤CPœ-∂ﬁÿ›-F(S),10,4000,20230506,K-202304-0468
,25326621830,◊›√ﬁ≤CPœ-∂ﬁÿ›-F(S),10,4000,20230506,K-202304-0467
,25326621830,◊›√ﬁ≤CPœ-∂ﬁÿ›-F(S),10,4000,20230506,K-202304-0466
,25293323030,∆’-YCS Ωƒ⁄¬¡750K(3),12.5,4500,20230508,K-202304-0643
,25293323030,∆’-YCS Ωƒ⁄¬¡750K(3),12.5,4500,20230508,K-202304-0642
,25127222850,Ãﬂ⁄–±—Ω¿-DX(12.5K)M,12.5,6000,20230508,K-202304-0356
,25318621040,ÿΩ ﬂ-Ÿ-SP(4),12,5200,20230508,K-202304-0511
,25137522870,€-⁄Ÿ Ω¿- (H),15,6000,20230515,K-202304-0359
,25137522870,€-⁄Ÿ Ω¿- (H),15,6000,20230515,K-202304-0360
,25125622040,œŸ∆º€AT-2-TL(35),20,5000,20231231,K-202212-1302
